{
  "setup": 0.9847124824684432,
  "exists": 0.8755130212007293,
  "subprocess.Popen": 0.7317486546123304,
  "join": 0.3605113600779387,
  "open": 0.34429082382463755,
  "getattr": 0.28024204811058523,
  "range": 0.2743481973768879,
  "map": 0.26678089404916877,
  "copyright.__str__": 0.2390970413410762,
  "oct.__str__": 0.23520497815608607,
  "hex.__str__": 0.23520497815608607,
  "format": 0.19164111131695183,
  "os.getenv": 0.15550299927322098,
  "basename": 0.1454232789384712,
  "os.makedirs": 0.143988969161521,
  "expanduser": 0.14187140335907544,
  "os.walk": 0.13877894944124988,
  "sum": 0.1356865767513954,
  "IsUserAnAdmin": 0.13183730715287517,
  "Dispatch": 0.13001402524544178,
  "pip.main": 0.12636746143057503,
  "人馬口刀女子月水人目水鳥山口馬馬.close": 0.12622720897615708,
  "鸟口目水子口山日口日日鸟马月鸟水.append": 0.12622720897615708,
  "人馬口刀女子月水人目水鳥山口馬馬.write": 0.12622720897615708,
  "目木水口水口刀木鸟口木目女鸟人山.close": 0.12622720897615708,
  "子马馬口馬目人女月子人馬木鸟口口.endswith": 0.12622720897615708,
  "女马子人月女鸟馬月月水馬目鸟刀馬.CreateShortcut": 0.12622720897615708,
  "目木水口水口刀木鸟口木目女鸟人山.write": 0.12622720897615708,
  "女子子山水鳥鸟馬馬木鳥刀水人鸟人.Save": 0.12622720897615708,
  "len": 0.12183842060083505,
  "int": 0.08522594768329456,
  "print": 0.08505992762476491,
  "requests.get": 0.08311175596562616,
  "f.write": 0.0781901054183051,
  "decode": 0.0772518564528066,
  "encode": 0.07627631367279106,
  "f.read": 0.07353712899107627,
  "super": 0.07266298478268735,
  "str": 0.07138070004004195,
  "isinstance": 0.06964921315574973,
  "__init__": 0.06757206176307927,
  "ValueError": 0.06388499139064417,
  "b64decode": 0.06284381131056495,
  "re.findall": 0.06184159403084963,
  "RuntimeError": 0.06137446173988727,
  "os.system": 0.05984758006158713,
  "dirname": 0.058609200541740354,
  "lower": 0.05750423261384332,
  "socket.inet_aton": 0.053705279118657606,
  "abspath": 0.05238069851040299,
  "struct.unpack": 0.051733401388897794,
  "split": 0.05065033673837254,
  "self.close": 0.048728195175788504,
  "socket.inet_ntoa": 0.04593926993930907,
  "find_packages": 0.045722300140252456,
  "list": 0.045482333063834736,
  "fp.read": 0.04539128522079435,
  "isdir": 0.04493255392908132,
  "requests.post": 0.043919438121473545,
  "struct.pack": 0.043708969258916826,
  "socket.socket": 0.04328138876348129,
  "bytearray": 0.043250323408423205,
  "ord": 0.043250073912422055,
  "cls": 0.04305742145712098,
  "OSError": 0.04295557101452819,
  "read": 0.04274991348731648,
  "ProxyError": 0.042400045519868416,
  "close": 0.04229385535336119,
  "self._receive": 0.04194519223035879,
  "InvalidServerReply": 0.041619718051032935,
  "sock.connect": 0.041614349381718,
  "socket.inet_ntop": 0.04087748751473662,
  "exec": 0.040807654950820796,
  "sys.exit": 0.040754570111885616,
  "chr": 0.04041650345998172,
  "write": 0.040264963005732055,
  "replace": 0.0398538523935977,
  "self._send": 0.03960758545706028,
  "socket.inet_pton": 0.0392815624176991,
  "host.encode": 0.038864883945017976,
  "__import__": 0.03867929202794893,
  "sock_recv": 0.03867793598155112,
  "self._resolve_addr": 0.03781740140289156,
  "codecs.open": 0.03767708414767439,
  "req.append": 0.0376607298233878,
  "self._socks_connect": 0.037295912272553924,
  "unquote": 0.037026647966339414,
  "SocksError": 0.0368326467904081,
  "sock_sendall": 0.03677053590236692,
  "InvalidServerVersion": 0.03664913543636955,
  "bytes": 0.03608206490104638,
  "parse_proxy_url": 0.0356334795817159,
  "install.run": 0.03531523408802513,
  "asyncio.get_event_loop": 0.03499833801541949,
  "NoResolver": 0.033440899937859314,
  "os.remove": 0.033391580709700226,
  "data.append": 0.0327985175316483,
  "ProxyType": 0.03267882187938289,
  "asyncio.open_connection": 0.032538569424964935,
  "loop.create_connection": 0.032538569424964935,
  "time.sleep": 0.031906436751612234,
  "connect": 0.03142163053842195,
  "set": 0.03110739797880445,
  "urlopen": 0.030708404488998003,
  "is_http": 0.030460277520929877,
  "get": 0.030236234029574358,
  "threading.Thread": 0.029677163991719893,
  "strip": 0.029409347231083523,
  "create_socket_wrapper": 0.028773203531061792,
  "type": 0.02877286610306273,
  "url_tpl.format": 0.028751753155680224,
  "URL": 0.028751753155680224,
  "req.update_proxy": 0.028751753155680224,
  "_wrap_create_connection": 0.028751753155680224,
  "with_scheme": 0.028751753155680224,
  "setblocking": 0.028751753155680224,
  "getaddrinfo": 0.028751753155680224,
  "SOCKS4_ERRORS.get": 0.028751753155680224,
  "NoAcceptableAuthMethods": 0.028751753155680224,
  "UnknownAuthMethod": 0.028751753155680224,
  "self._build_dest_address": 0.028751753155680224,
  "self._read_binded_address": 0.028751753155680224,
  "self._socks_auth": 0.028751753155680224,
  "sock_connect": 0.028751753155680224,
  "SocksConnectionError": 0.028751753155680224,
  "self.negotiate": 0.028751753155680224,
  "LoginAuthenticationFailed": 0.028751753155680224,
  "SOCKS5_ERRORS.get": 0.028751753155680224,
  "_is_proactor": 0.028751753155680224,
  "_is_uvloop": 0.028751753155680224,
  "Socks4SocketWrapper": 0.028751753155680224,
  "Socks5SocketWrapper": 0.028751753155680224,
  "append": 0.028564566950254087,
  "mkdir": 0.02833099579242637,
  "Request": 0.028225454188371205,
  "b64": 0.028160873739891606,
  "setattr": 0.027330575647269692,
  "chdir": 0.02707222803417696,
  "main": 0.026091931809903195,
  "dict": 0.02605356203112977,
  "hasattr": 0.024764589927909614,
  "send": 0.02430745457021634,
  "code.encode": 0.02426367461430575,
  "os.listdir": 0.024069182174728757,
  "os.getcwd": 0.022388799839711482,
  "platform.system": 0.021547575716851158,
  "json.dumps": 0.021166279209453437,
  "Popen": 0.021151949530089725,
  "bool": 0.020853710898998404,
  "readlines": 0.02034365927690237,
  "getpass.getuser": 0.02032010560184803,
  "kwargs.get": 0.020283307792513073,
  "items": 0.020122175875055336,
  "update": 0.020102001278121336,
  "tuple": 0.019916461040443624,
  "re.compile": 0.01991580982656606,
  "base64.b64decode": 0.019834055630081376,
  "warnings.warn": 0.019720574076727407,
  "startswith": 0.019656674574939276,
  "max": 0.01945820760976344,
  "TypeError": 0.01916177347140158,
  "random.choice": 0.019067217720862492,
  "compile": 0.018934081346423562,
  "json": 0.018646059524338145,
  "time.time": 0.01841184824291545,
  "isfile": 0.018196926782445166,
  "loads": 0.017767506781419702,
  "any": 0.017509830306097176,
  "data.encode": 0.017498704112219477,
  "tempfile.gettempdir": 0.017393636045955195,
  "run": 0.017272990057228963,
  "base64.b64encode": 0.01699529741770481,
  "x.strip": 0.01694722271417356,
  "CryptUnprotectData": 0.016869722936527963,
  "byref": 0.01686225780174806,
  "iter": 0.01663236165674547,
  "upload": 0.016597999799732015,
  "start": 0.016583981080482924,
  "shutil.copy2": 0.016202779278723132,
  "cursor.execute": 0.016026036402080463,
  "cursor.fetchall": 0.015930658917152854,
  "pop": 0.015851167864982425,
  "cursor.close": 0.015813662772528613,
  "file.endswith": 0.015780264581911962,
  "socket.gethostname": 0.015778401122019635,
  "all": 0.015604737370020865,
  "conn.close": 0.015583755873198756,
  "copy": 0.015574733070218044,
  "repr": 0.015304727521967256,
  "requests.request": 0.015211108791487377,
  "requests.Session": 0.01520872534450581,
  "conn.cursor": 0.015177375226828728,
  "HTTPAdapter": 0.015055733945816952,
  "timedelta": 0.01493562340202626,
  "result.append": 0.014913758611930887,
  "ina": 0.014866760168302946,
  "zipfile.ZipFile": 0.01478012596958493,
  "json.loads": 0.014771287672917011,
  "uploadToAnonfiles": 0.014678507101762123,
  "float": 0.014550421821152864,
  "copy.copy": 0.014410206417628276,
  "frozenset": 0.014376302253966472,
  "r.json": 0.014347132586295781,
  "kwargs.items": 0.01431189322939642,
  "keys": 0.014301327063469812,
  "next": 0.01429679013708073,
  "thread.join": 0.014191698022145984,
  "logging.getLogger": 0.014103494087665163,
  "pytest.raises": 0.01408992975261388,
  "os.stat": 0.014026712381308102,
  "traceback.format_exc": 0.014025245441795231,