{
  "setup": 0.927437641723356,
  "open": 0.7035449484054722,
  "len": 0.579863353167631,
  "join": 0.5680642274604455,
  "print": 0.4095154434662444,
  "requests.get": 0.4045886655515846,
  "int": 0.3966834573618004,
  "super": 0.36662897417059304,
  "encode": 0.36385876583038274,
  "exists": 0.36144383767311433,
  "f.write": 0.3565448252410095,
  "decode": 0.3553065172826054,
  "range": 0.3492775079662327,
  "isinstance": 0.3426334935275689,
  "__init__": 0.34146265031197787,
  "f.read": 0.3309950017294241,
  "format": 0.32419878319339007,
  "ValueError": 0.3143269995489918,
  "str": 0.3055214779946277,
  "RuntimeError": 0.3046604207389798,
  "os.system": 0.2916411293060195,
  "subprocess.Popen": 0.28754925263946113,
  "re.findall": 0.28559211842255194,
  "b64decode": 0.2839711466206019,
  "dirname": 0.2839155552300838,
  "socket.inet_aton": 0.27855822594582724,
  "lower": 0.26926881931650914,
  "abspath": 0.26483441616249354,
  "struct.unpack": 0.2646893860643211,
  "self.close": 0.249106325969496,
  "socket.inet_ntoa": 0.23926454623376694,
  "fp.read": 0.23479959457616306,
  "struct.pack": 0.22724486078312697,
  "ord": 0.2262942441227918,
  "self._receive": 0.2260538326549192,
  "InvalidServerReply": 0.22429976546021527,
  "socket.inet_ntop": 0.22029968705976727,
  "bytearray": 0.21952347664627142,
  "cls": 0.2192790849349547,
  "socket.socket": 0.21872727958498497,
  "ProxyError": 0.2180736662195034,
  "sock.connect": 0.2142783069531087,
  "OSError": 0.2136439148880097,
  "self._send": 0.21345584603842765,
  "split": 0.21140849505185197,
  "socket.inet_pton": 0.21056229322011877,
  "host.encode": 0.20945322942401978,
  "close": 0.20910172572506006,
  "sock_recv": 0.20844571696784542,
  "chr": 0.20647745250919852,
  "self._resolve_addr": 0.20380806651747302,
  "req.append": 0.2029637215727551,
  "self._socks_connect": 0.2009976224514811,
  "codecs.open": 0.2007842856938159,
  "sys.exit": 0.20038279918081384,
  "find_packages": 0.19954648526077098,
  "isdir": 0.19954648526077098,
  "SocksError": 0.19850096116070273,
  "sock_sendall": 0.19816622901275596,
  "InvalidServerVersion": 0.19751196950968625,
  "write": 0.19310635491122538,
  "list": 0.1928404972838011,
  "parse_proxy_url": 0.19203832911385818,
  "unquote": 0.19198790627362056,
  "requests.post": 0.18991682232773324,
  "asyncio.get_event_loop": 0.1886153817459871,
  "bytes": 0.1865641078454454,
  "getattr": 0.18399799761982988,
  "install.run": 0.18346650829644037,
  "NoResolver": 0.18022193239375428,
  "data.append": 0.17675996220759815,
  "ProxyType": 0.17611489040060468,
  "asyncio.open_connection": 0.17535903250188964,
  "loop.create_connection": 0.17535903250188964,
  "exec": 0.1655266874760983,
  "read": 0.16464493758768814,
  "is_http": 0.1641585629056916,
  "replace": 0.1627701094437406,
  "__import__": 0.16234276317132348,
  "connect": 0.15711087631674714,
  "create_socket_wrapper": 0.1550664710328576,
  "url_tpl.format": 0.15495086923658352,
  "URL": 0.15495086923658352,
  "req.update_proxy": 0.15495086923658352,
  "_wrap_create_connection": 0.15495086923658352,
  "with_scheme": 0.15495086923658352,
  "Socks4SocketWrapper": 0.15495086923658352,
  "Socks5SocketWrapper": 0.15495086923658352,
  "setblocking": 0.15495086923658352,
  "getaddrinfo": 0.15495086923658352,
  "SOCKS4_ERRORS.get": 0.15495086923658352,
  "NoAcceptableAuthMethods": 0.15495086923658352,
  "UnknownAuthMethod": 0.15495086923658352,
  "self._build_dest_address": 0.15495086923658352,
  "self._read_binded_address": 0.15495086923658352,
  "self._socks_auth": 0.15495086923658352,
  "sock_connect": 0.15495086923658352,
  "SocksConnectionError": 0.15495086923658352,
  "self.negotiate": 0.15495086923658352,
  "LoginAuthenticationFailed": 0.15495086923658352,
  "SOCKS5_ERRORS.get": 0.15495086923658352,
  "_is_proactor": 0.15495086923658352,
  "_is_uvloop": 0.15495086923658352,
  "mkdir": 0.15268329554043839,
  "b64": 0.15176646240773028,
  "chdir": 0.14589946022954023,
  "os.getenv": 0.1307934380180632,
  "code.encode": 0.1307634164777022,
  "urlopen": 0.1294378862791215,
  "get": 0.12917373917915337,
  "type": 0.12768396216355718,
  "os.remove": 0.12574175396321616,
  "time.sleep": 0.12429579496984028,
  "set": 0.12145846870500256,
  "strip": 0.12078872477992782,
  "map": 0.12020711838094544,
  "send": 0.12018140589569161,
  "setattr": 0.11948485583339427,
  "main": 0.1181618904728212,
  "dict": 0.11726875117025193,
  "os.getcwd": 0.114612352877659,
  "Popen": 0.11035525321239607,
  "Request": 0.10857322949375242,
  "threading.Thread": 0.1085481608464438,
  "append": 0.10812239916829874,
  "getpass.getuser": 0.1064870392601485,
  "hasattr": 0.1036095520432278,
  "basename": 0.10281397692872028,
  "platform.system": 0.09951212048382393,
  "json.dumps": 0.09779446310957081,
  "kwargs.get": 0.09131855297327564,
  "update": 0.0902040074996252,
  "expanduser": 0.08928656023311113,
  "base64.b64encode": 0.08781290293895337,
  "run": 0.08767951625094482,
  "bool": 0.08725514038777984,
  "data.encode": 0.0856643553577526,
  "warnings.warn": 0.0855142295255079,
  "compile": 0.0854119425547997,
  "max": 0.08532219561312654,
  "tuple": 0.08491097867918719,
  "tempfile.gettempdir": 0.08321324515134196,
  "os.listdir": 0.08279236349380088,
  "ina": 0.0801209372637944,
  "time.time": 0.07980028142514517,
  "socket.gethostname": 0.07974300831443688,
  "random.choice": 0.07932672891137534,
  "startswith": 0.07930620517002619,
  "os.makedirs": 0.07770109572266534,
  "TypeError": 0.07736901668692416,
  "readlines": 0.07612848917086569,
  "re.compile": 0.07519404558150859,
  "items": 0.07382154929990137,
  "traceback.format_exc": 0.07180650037792895,
  "requests.request": 0.07119025889770982,
  "all": 0.07079600534705632,
  "requests.Session": 0.07071541888469948,
  "byref": 0.07046029444825026,
  "HTTPAdapter": 0.07016435108011256,
  "json": 0.06994328368155438,
  "any": 0.0679872668550295,
  "frozenset": 0.06652343603140305,
  "iter": 0.0661485189593107,
  "file.endswith": 0.06604795842066609,
  "os.walk": 0.06540828466895728,
  "sum": 0.06536879287958904,
  "pop": 0.06507846350814368,
  "quote": 0.064192061883539,
  "loads": 0.06336138572767863,
  "pytest.raises": 0.0626327664906515,
  "next": 0.06220315340898333,
  "copy": 0.0620319655417874,
  "kwargs.items": 0.06201345330732916,
  "keys": 0.06195650941990912,
  "result.append": 0.06173795836601614,
  "timedelta": 0.06168500606229666,
  "skipif": 0.06028688074099124,
  "random.randint": 0.05967343586329789,
  "float": 0.059491372575472934,
  "repr": 0.05935364840018761,
  "copy.copy": 0.0586443402274636,
  "logging.getLogger": 0.058536690256569816,
  "pickle.dumps": 0.05830384374318896,
  "json.loads": 0.0582146391613651,
  "base64.b64decode": 0.057860604754435684,
  "re.split": 0.05780787844979302,
  "paths.append": 0.05767977689159955,
  "parametrize": 0.057679569382534344,
  "CaseInsensitiveDict": 0.057576252726262905,
  "pytest.fail": 0.05756367714488179,
  "urlparse": 0.0575354997015446,
  "io.BytesIO": 0.05720949642006503,
  "isfile": 0.05715909575911808,
  "pickle.loads": 0.05694712541010918,
  "zipfile.ZipFile": 0.05668934240362812,
  "start": 0.05658174936800524,
  "x.strip": 0.05626565819014183,
  "Retry": 0.05582731612198018,
  "_____": 0.05570672713529852,
  "rewind_body": 0.05557531682625867,
  "CryptUnprotectData": 0.055563323423362204,
  "value.strip": 0.05500915734596068,
  "s.get": 0.05495756272005661,
  "self.send": 0.05493319664640939,
  "count": 0.054763242351068955,
  "session.request": 0.05442214220165814,
  "r.json": 0.054150952817430084,
  "httpbin": 0.05402057161319026,
  "should_bypass_proxies": 0.05401696567033249,
  "resp.json": 0.053986418627053334,
  "UnrewindableBodyError": 0.05390052919488298,
  "session.send": 0.0538739045061709,
  "requests.Request": 0.05385775777368706,
  "super_len": 0.053837985107120005,
  "session.prepare_request": 0.053745555481257014,
  "to_native_string": 0.05372379044178025,
  "self.get_policy": 0.05366591080876795,