{
  "month": [
    "2023-03",
    "2023-04",
    "2023-05",
    "2023-06",
    "2023-07",
    "2023-08",
    "2023-09",
    "2023-10",
    "2023-11",
    "2023-12",
    "2024-01",
    "2024-02",
    "2024-03",
    "2024-04",
    "2024-05",
    "2024-06",
    "2024-07",
    "2024-08",
    "2024-09",
    "2024-10",
    "2024-11",
    "2024-12"
  ],
  "f1": [
    0.922279792746114,
    0.8641975308641975,
    0.855072463768116,
    0.7619047619047619,
    0.85,
    0.5490196078431373,
    0.7777777777777778,
    0.8148148148148148,
    0.7936507936507936,
    0.8115942028985508,
    0.9333333333333332,
    0.6904761904761905,
    0.9605911330049262,
    0.9182058047493404,
    0.8590604026845637,
    0.9516539440203562,
    0.8235294117647058,
    0.9859154929577464,
    0.8732394366197183,
    0.88,
    0.9285714285714286,
    0.8571428571428571
  ],
  "precision": [
    0.956989247311828,
    0.9722222222222222,
    0.8676470588235294,
    0.8421052631578947,
    0.918918918918919,
    0.7777777777777778,
    1.0,
    0.9166666666666666,
    0.9615384615384616,
    0.9655172413793104,
    1.0,
    0.90625,
    0.9466019417475728,
    0.9720670391061452,
    0.927536231884058,
    0.9689119170984456,
    0.875,
    0.9722222222222222,
    0.9393939393939394,
    0.9166666666666666,
    0.9285714285714286,
    1.0
  ],
  "recall": [
    0.89,
    0.7777777777777778,
    0.8428571428571429,
    0.6956521739130435,
    0.7906976744186046,
    0.4242424242424242,
    0.6363636363636364,
    0.7333333333333333,
    0.6756756756756757,
    0.7,
    0.875,
    0.5576923076923077,
    0.975,
    0.87,
    0.8,
    0.935,
    0.7777777777777778,
    1.0,
    0.8157894736842105,
    0.8461538461538461,
    0.9285714285714286,
    0.75
  ]
}