{
  "month": [
    "2023-03",
    "2023-04",
    "2023-05",
    "2023-06",
    "2023-07",
    "2023-08",
    "2023-09",
    "2023-10",
    "2023-11",
    "2023-12",
    "2024-01",
    "2024-02",
    "2024-03",
    "2024-04",
    "2024-05",
    "2024-06",
    "2024-07",
    "2024-08",
    "2024-09",
    "2024-10",
    "2024-11",
    "2024-12"
  ],
  "f1": [
    0.900804289544236,
    0.8764940239043825,
    0.9037037037037036,
    0.9047619047619048,
    0.8311688311688312,
    0.6274509803921569,
    0.8108108108108109,
    0.8148148148148148,
    0.8064516129032258,
    0.8235294117647058,
    0.9090909090909092,
    0.5714285714285714,
    0.9653465346534652,
    0.9487179487179488,
    0.9493670886075948,
    0.9618320610687024,
    0.8333333333333334,
    0.9787234042553192,
    0.8857142857142857,
    0.945945945945946,
    0.9285714285714286,
    0.4
  ],
  "precision": [
    0.9710982658959536,
    0.9482758620689656,
    0.9384615384615383,
    1.0,
    0.9411764705882352,
    0.8888888888888888,
    1.0,
    0.9166666666666666,
    1.0,
    1.0,
    1.0,
    0.88,
    0.9558823529411764,
    0.9736842105263158,
    0.9615384615384616,
    0.9792746113989638,
    0.9523809523809524,
    0.971830985915493,
    0.96875,
    1.0,
    0.9285714285714286,
    1.0
  ],
  "recall": [
    0.84,
    0.8148148148148148,
    0.8714285714285714,
    0.8260869565217391,
    0.7441860465116279,
    0.4848484848484848,
    0.6818181818181818,
    0.7333333333333333,
    0.6756756756756757,
    0.7,
    0.8333333333333334,
    0.4230769230769231,
    0.975,
    0.925,
    0.9375,
    0.945,
    0.7407407407407407,
    0.9857142857142858,
    0.8157894736842105,
    0.8974358974358975,
    0.9285714285714286,
    0.25
  ]
}