{
  "month": [
    "2023-03",
    "2023-04",
    "2023-05",
    "2023-06",
    "2023-07",
    "2023-08",
    "2023-09",
    "2023-10",
    "2023-11",
    "2023-12",
    "2024-01",
    "2024-02",
    "2024-03",
    "2024-04",
    "2024-05",
    "2024-06",
    "2024-07",
    "2024-08",
    "2024-09",
    "2024-10",
    "2024-11",
    "2024-12"
  ],
  "f1": [
    0.1538461538461538,
    0.4555555555555555,
    0.6078431372549019,
    0.1428571428571428,
    0.1276595744680851,
    0.25,
    0.3076923076923077,
    0.2285714285714285,
    0.2727272727272727,
    0.576271186440678,
    0.1538461538461538,
    0.463768115942029,
    0.0,
    0.1621621621621621,
    0.0714285714285714,
    0.0,
    0.0714285714285714,
    0.028169014084507,
    0.0512820512820512,
    0.048780487804878,
    0.0,
    0.0
  ],
  "precision": [
    0.8095238095238095,
    0.9111111111111112,
    0.96875,
    0.4,
    0.75,
    0.7142857142857143,
    1.0,
    0.8,
    0.8571428571428571,
    0.8947368421052632,
    1.0,
    0.9411764705882352,
    0.0,
    0.8181818181818182,
    0.75,
    0.0,
    1.0,
    1.0,
    1.0,
    0.5,
    0.0,
    0.0
  ],
  "recall": [
    0.085,
    0.3037037037037037,
    0.4428571428571428,
    0.0869565217391304,
    0.0697674418604651,
    0.1515151515151515,
    0.1818181818181818,
    0.1333333333333333,
    0.1621621621621621,
    0.425,
    0.0833333333333333,
    0.3076923076923077,
    0.0,
    0.09,
    0.0375,
    0.0,
    0.037037037037037,
    0.0142857142857142,
    0.0263157894736842,
    0.0256410256410256,
    0.0,
    0.0
  ]
}