{
  "month": [
    "2023-03",
    "2023-04",
    "2023-05",
    "2023-06",
    "2023-07",
    "2023-08",
    "2023-09",
    "2023-10",
    "2023-11",
    "2023-12",
    "2024-01",
    "2024-02",
    "2024-03",
    "2024-04",
    "2024-05",
    "2024-06",
    "2024-07",
    "2024-08",
    "2024-09",
    "2024-10",
    "2024-11",
    "2024-12"
  ],
  "f1": [
    0.8611898016997167,
    0.904,
    0.890625,
    0.8780487804878049,
    0.7671232876712328,
    0.64,
    0.5573770491803278,
    0.7924528301886793,
    0.7868852459016393,
    0.6206896551724138,
    0.8837209302325582,
    0.5555555555555556,
    0.9797979797979798,
    0.9393139841688656,
    0.8029197080291971,
    0.9533678756476685,
    0.7272727272727273,
    0.873015873015873,
    0.5098039215686274,
    0.8857142857142857,
    0.9629629629629628,
    0.4
  ],
  "precision": [
    0.9934640522875816,
    0.982608695652174,
    0.9827586206896552,
    1.0,
    0.9333333333333332,
    0.9411764705882352,
    1.0,
    0.9130434782608696,
    1.0,
    1.0,
    1.0,
    1.0,
    0.9897959183673468,
    0.994413407821229,
    0.9649122807017544,
    0.989247311827957,
    0.9411764705882352,
    0.9821428571428572,
    1.0,
    1.0,
    1.0,
    1.0
  ],
  "recall": [
    0.76,
    0.837037037037037,
    0.8142857142857143,
    0.782608695652174,
    0.6511627906976745,
    0.4848484848484848,
    0.3863636363636363,
    0.7,
    0.6486486486486487,
    0.45,
    0.7916666666666666,
    0.3846153846153846,
    0.97,
    0.89,
    0.6875,
    0.92,
    0.5925925925925926,
    0.7857142857142857,
    0.3421052631578947,
    0.7948717948717948,
    0.9285714285714286,
    0.25
  ]
}